,F_r,F_t,ThL,N,a,lens_id,z_use,name,f435w-f606w,f435w-f814w,f814w-f606w,rchi2,SNR,lens_Mag_F814W,lens_z
0,0.296776448308642,0.16590831680510987,29.365996019906767,1.0,0.2400891539098708,9.0,0.9041,macs0416_104,1.1733000000000011,1.3451000000000022,-0.17180000000000106,0.6361976178974064,35.65980342517189,-14.057710141210165,0.0173
1,-0.5900199106563737,-0.01824755835811277,17.934862162750502,1.0,0.21679311413622218,9.0,0.8934,macs0416_121,0.8541999999999987,2.0043000000000006,-1.150100000000002,0.3909961274971057,20.176339725415875,-14.057710141210165,0.0173
3,0.532343431511581,0.46369364160008514,27.30247703605406,1.0,0.23003839109225616,9.0,1.0545,macs0416_162,1.0457999999999998,1.1082999999999998,-0.0625,1.5475262945895316,71.41483597350332,-14.057710141210165,0.0173
4,0.15270781928631855,0.09072025139400554,4.852145242156626,1.0,0.3150261132295002,9.0,0.5845,macs0416_167,3.0257000000000005,3.4407999999999994,-0.4150999999999989,0.4162873167933312,39.360650950849575,-14.057710141210165,0.0173
5,0.3725665873253322,0.23677784697512008,9.384471503036702,1.0,0.2539125648488208,9.0,0.9047,macs0416_180,0.877600000000001,1.037499999999998,-0.15989999999999682,0.4459903377883175,29.794549029402734,-14.057710141210165,0.0173
6,-0.16809538940387111,0.33854491300975204,23.94397712251848,1.0,0.2312637060723221,9.0,3.2772,macs0416_192,1.9530999999999992,1.6061999999999976,0.34690000000000154,0.7411575913996327,56.125872744381425,-14.057710141210165,0.0173
7,0.3343865468066046,0.23403629144398835,6.605647308946336,1.0,0.3564176367379385,9.0,0.6888,macs0416_258,1.1783,1.644400000000001,-0.4661000000000009,0.45597284193694243,37.924781844196666,-14.057710141210165,0.0173
8,0.05030263477663137,-0.08114072464602753,25.374290427077387,1.0,0.33475779321691457,9.0,0.6163,macs0416_266,1.0443999999999996,1.184899999999999,-0.1404999999999994,0.41734213924330593,26.998121526129413,-14.057710141210165,0.0173
9,0.24309972940695393,-0.08931978031911297,23.896552417799764,1.0,0.26069719373744404,9.0,1.9524,macs0416_268,1.0926000000000011,0.9216000000000016,0.17099999999999935,0.6634988075722572,26.29108169322441,-14.057710141210165,0.0173
10,0.2918180972596795,0.16555311320002888,23.442763998166644,1.0,0.32748475773556474,9.0,0.4141,macs0416_320,4.491400000000001,5.249000000000001,-0.7576,0.46083852966195776,34.027648710451466,-14.057710141210165,0.0173
12,0.04229606278938923,-0.05740990032293323,15.25019703526394,1.0,0.4227323972889945,9.0,2.0008,macs0416_347,0.9886000000000016,0.7370000000000019,0.2515999999999998,0.4894529500688937,24.620844444444447,-14.057710141210165,0.0173
15,0.20746416284632174,0.11175328494613009,14.85394591351187,1.0,0.2592061142572414,9.0,2.6633,macs0416_386,1.306500000000003,0.7878000000000007,0.5187000000000026,0.5441283548100578,29.54264611782086,-14.057710141210165,0.0173
16,0.05649452973974685,0.2542105521010906,16.48749545627819,1.0,0.30999902814271224,9.0,0.6121,macs0416_421,1.5540999999999985,1.7661999999999978,-0.2120999999999995,1.7731116810550915,84.03505249692452,-14.057710141210165,0.0173
17,0.003837908766938366,0.24400537335970204,16.71708895078049,1.0,0.24930322024209922,9.0,0.9255,macs0416_442,1.1962999999999973,1.5451999999999977,-0.34890000000000043,0.6497623201142904,22.97680796576113,-14.057710141210165,0.0173
18,0.46899531980774717,0.708130580836997,21.849241541784313,1.0,0.2487648352412549,9.0,1.2716,macs0416_446,1.0530000000000008,0.6390999999999991,0.4139000000000017,0.41434315646207814,21.26539972248697,-14.057710141210165,0.0173
19,-0.1474229559811996,-0.8364639870119209,25.465493577843908,2.0,0.2487648352412549,4.0,1.2716,macs0416_446,1.0530000000000008,0.6390999999999991,0.4139000000000017,0.41434315646207814,21.26539972248697,-21.42722954680664,0.5593
21,-0.7807704223208911,0.07003738811728628,24.912153795442922,1.0,0.2176915215619217,4.0,1.593,macs0416_460,0.8893000000000022,0.7118000000000002,0.17750000000000196,0.4150556906685117,32.767206503298375,-21.42722954680664,0.5593
22,-0.20026723572754573,0.4229627044422101,18.60382853940517,1.0,0.3391736014792756,9.0,1.3359,macs0416_461,0.9872000000000014,1.1905,-0.2032999999999987,1.9665890731036304,50.82621938911234,-14.057710141210165,0.0173
25,-0.06933340611832019,-0.27243771250924104,29.863485205343235,1.0,0.24611428944483904,4.0,1.7815,macs0416_536,0.7895000000000003,0.37320000000000064,0.4162999999999997,0.6201589991246031,21.7517200731943,-21.42722954680664,0.5593
26,0.1749166747730468,0.04228019416695664,20.524479288116165,1.0,0.22491804963933773,4.0,2.1768,macs0416_540,2.1670000000000016,2.8201,-0.6530999999999985,0.3898812339485575,36.240932284868045,-21.42722954680664,0.5593
27,-0.17647604315591445,-0.03520886428851679,25.81214704687996,2.0,0.22491804963933773,9.0,2.1768,macs0416_540,2.1670000000000016,2.8201,-0.6530999999999985,0.3898812339485575,36.240932284868045,-14.057710141210165,0.0173
28,-0.2613417090703577,-0.46144796127399496,16.16472662059532,1.0,0.26946622643548157,4.0,4.6262,macs0416_564,72.1485,73.2924,-1.143900000000002,0.8093352991727369,60.10341587673784,-21.42722954680664,0.5593
29,0.431249885839862,0.20441327356648897,29.86992846787117,1.0,0.21019743895692847,9.0,1.8227,macs0416_574,1.2262999999999984,0.9772999999999996,0.2489999999999988,0.6621743235674618,82.415717627263,-14.057710141210165,0.0173
30,0.2341355702356532,0.03322839305566033,29.32976747189325,1.0,0.31476902821334063,9.0,0.7105,macs0416_587,1.274100000000001,1.4540000000000006,-0.17989999999999995,1.0427122737610173,55.48771736548403,-14.057710141210165,0.0173
31,-0.031614809951301996,-0.1505411332628955,8.580162839407233,1.0,0.4542945944206129,4.0,2.5254,macs0416_697,1.524100000000001,1.0976999999999997,0.42640000000000106,0.7506573084373228,76.27368889771535,-21.42722954680664,0.5593
32,0.362488194402531,-0.3294932644494484,29.336717547996685,1.0,0.3083602590950605,4.0,0.9193,macs0416_744,1.055299999999999,1.300599999999999,-0.2453000000000003,0.349253338510781,20.388620902906613,-21.42722954680664,0.5593
33,-0.012966548305172873,0.013799400114569055,23.946777401017844,1.0,0.2726572250716157,4.0,1.6955,macs0416_777,0.7286000000000001,0.44200000000000017,0.2866,0.5070348711351561,26.32166184212822,-21.42722954680664,0.5593
34,-0.022180376729703008,-0.13709198361739813,10.168287199125732,1.0,0.3650400757138968,4.0,0.7594,macs0416_807,1.3583999999999996,1.5377999999999972,-0.17939999999999756,0.44493820212709856,32.66980628721564,-21.42722954680664,0.5593
36,-0.5269316481828813,-0.2527024634356136,7.779125235344884,1.0,0.2560971699046517,4.0,0.4142,macs0416_954,1.7299000000000009,1.6679000000000033,0.06199999999999761,0.6889938697464792,71.6555184552223,-21.42722954680664,0.5593
37,-0.21843245117713916,-0.49361753543586506,7.177762469298789,1.0,0.3046069455475613,4.0,2.0351,macs0416_963,1.3878999999999984,1.3550000000000004,0.03289999999999793,0.5618778057786318,38.20155100549097,-21.42722954680664,0.5593
39,-0.07721611776979223,0.4187232919992192,27.499571975973804,1.0,0.2480392860420738,8.0,2.5308,macs0416_985,1.260299999999997,0.8507999999999996,0.40949999999999775,0.4548689480141411,38.08395826505901,-21.493790801190393,0.3055
40,-0.2936221548509619,-0.26669918450836094,23.06518477379646,1.0,0.22178791591257693,4.0,0.9022,macs0416_989,1.0759000000000007,1.2102000000000004,-0.13429999999999964,0.3820265328511677,24.944275851552934,-21.42722954680664,0.5593
42,-0.008490244992898723,-0.1363861221616355,10.464822627763242,1.0,0.28688822471144304,4.0,1.5219,macs0416_1019,1.069399999999998,1.7211999999999996,-0.6518000000000015,0.5151519179962845,28.91536808105309,-21.42722954680664,0.5593
43,-0.5241358373288474,-0.44219817465016353,14.619586139793634,1.0,0.23570006729671747,4.0,1.3273,macs0416_1035,0.9548000000000024,0.9279000000000012,0.026900000000001256,0.6820606121775411,68.54150379994421,-21.42722954680664,0.5593
44,-0.21140305876251217,-0.3150549592873186,17.690178781320647,1.0,0.22473310604627508,4.0,2.0589,macs0416_1065,1.304199999999998,1.0077999999999996,0.29639999999999844,0.45518836983739136,29.182134495486192,-21.42722954680664,0.5593
45,0.6762817420244533,0.19028694480745845,25.277110351810144,1.0,0.24678972533816484,4.0,1.6967,macs0416_1072,0.902000000000001,0.4065000000000012,0.4954999999999998,0.587346064646299,30.096052088517638,-21.42722954680664,0.5593
47,-0.22188910650204682,0.01751321766312964,13.450410643732809,1.0,0.48544936647214215,4.0,0.4993,macs0416_1104,2.2788000000000004,2.6093999999999973,-0.3305999999999969,0.6691421613403594,58.08232410707014,-21.42722954680664,0.5593
49,0.16044736122063222,0.692274435759196,28.40595102776586,1.0,0.2269997410335635,4.0,4.6878,macs0416_1216,2.0104000000000006,2.7456,-0.735199999999999,0.385361052617786,22.436280633848423,-21.42722954680664,0.5593
50,0.46691163442881684,-0.16534053542212554,28.56545946034186,1.0,0.26616043257907435,4.0,1.9349,macs0416_1255,1.2411999999999992,0.8577000000000012,0.383499999999998,0.9600855238195876,49.703069127521026,-21.42722954680664,0.5593
51,-0.013752917224728147,0.3528869477707074,29.887616799986098,1.0,0.2114076372079314,4.0,0.5996,macs0416_1276,1.198999999999998,1.5433999999999983,-0.34440000000000026,0.5100560189668181,28.63119231290727,-21.42722954680664,0.5593
52,-0.40895350699989685,-0.16127089441527878,8.096143394323798,1.0,0.415200223655675,8.0,1.5765,macs0416_1285,1.3480999999999987,1.5677999999999983,-0.2196999999999996,0.42752903374009216,34.00764999467897,-21.493790801190393,0.3055
53,-0.4047329205621245,-0.17158827257791176,19.261455904027564,2.0,0.415200223655675,7.0,1.5765,macs0416_1285,1.3480999999999987,1.5677999999999983,-0.2196999999999996,0.42752903374009216,34.00764999467897,-21.236335289732644,0.3024
54,0.24851905253812148,-0.22340961202871984,27.127047820243586,1.0,0.6999874966087078,4.0,0.872,macs0416_1294,1.5354000000000028,2.3610000000000007,-0.8255999999999979,0.9109926728874838,76.56570945014349,-21.42722954680664,0.5593
55,-0.03794854205660685,-0.12394355750682674,19.53020696880988,1.0,0.2759784491614989,4.0,0.4336,macs0416_1295,1.4467999999999996,1.1248000000000005,0.3219999999999992,0.5134292925905938,28.26180440195211,-21.42722954680664,0.5593
56,-0.3499498645469944,-0.122485240500347,25.07445788049178,1.0,0.27295937821969474,4.0,2.0563,macs0416_1301,1.081199999999999,0.6089999999999982,0.4722000000000008,0.670856219800173,45.531655845096324,-21.42722954680664,0.5593
60,-0.24637179664333342,-0.423063828595373,28.2161351579785,1.0,0.41639526563956736,3.0,0.4555,macs0416_1337,1.5073000000000008,1.362199999999998,0.1451000000000029,2.110552612877746,91.55362709828009,-21.833989813076652,0.5127
65,-0.2707590649794685,0.35240433783380526,19.000404512307608,1.0,0.22887446351397112,7.0,0.6077,macs0416_1439,1.344100000000001,1.6959000000000015,-0.3518000000000008,0.32460930263101945,25.207658945616835,-21.236335289732644,0.3024
66,-0.04344624396478422,0.4422801289657848,21.005683842100705,2.0,0.22887446351397112,8.0,0.6077,macs0416_1439,1.344100000000001,1.6959000000000015,-0.3518000000000008,0.32460930263101945,25.207658945616835,-21.493790801190393,0.3055
67,-0.2219349176624186,0.5949692673755993,15.759586407145115,1.0,0.33868433810795656,3.0,1.1706,macs0416_1441,1.5935999999999986,1.9972999999999992,-0.4037000000000006,0.7009716555093307,37.63360742883506,-21.833989813076652,0.5127
69,0.14536588687507745,0.5347475515628889,25.5775207149616,1.0,0.23404219718180072,7.0,0.7603,macs0416_1469,1.3351000000000006,1.5530000000000008,-0.2179000000000002,0.30672035832343,26.24637235171463,-21.236335289732644,0.3024
70,0.3381771585717866,0.4390015881404018,29.102819428372392,2.0,0.23404219718180072,8.0,0.7603,macs0416_1469,1.3351000000000006,1.5530000000000008,-0.2179000000000002,0.30672035832343,26.24637235171463,-21.493790801190393,0.3055
71,-0.3415827050455959,0.8467839368317727,29.255298378118585,1.0,0.24387049796921245,5.0,1.4037,macs0416_1502,0.9566000000000016,0.7524000000000015,0.20420000000000016,0.5166267932184092,21.514088665031423,-20.62936390531597,0.3033
72,0.4149036784399516,0.39121745386089724,12.357739138853422,1.0,0.24162962431315763,3.0,1.0479,macs0416_1507,1.2043999999999997,1.3277,-0.1233000000000004,0.47337896013505476,23.031013587863583,-21.833989813076652,0.5127
73,-0.4309607502242903,-0.0854575513632389,22.81126693973344,1.0,0.34452788962712955,3.0,0.559,macs0416_1524,1.8412000000000008,2.017400000000002,-0.17620000000000147,0.7911243410172476,67.57822909782934,-21.833989813076652,0.5127
74,0.00902012459518485,0.532028018086513,13.782209244995723,1.0,0.3087485298762091,8.0,0.943,macs0416_1532,0.9265000000000008,1.1308000000000007,-0.20429999999999995,1.1017942752129197,51.010306380036525,-21.493790801190393,0.3055
75,0.3197515625017724,0.4253164856368147,18.85252399319981,2.0,0.3087485298762091,7.0,0.943,macs0416_1532,0.9265000000000008,1.1308000000000007,-0.20429999999999995,1.1017942752129197,51.010306380036525,-21.236335289732644,0.3024
76,-0.007849849135426584,-0.5320465717823268,27.09869243939327,3.0,0.3087485298762091,3.0,0.943,macs0416_1532,0.9265000000000008,1.1308000000000007,-0.20429999999999995,1.1017942752129197,51.010306380036525,-21.833989813076652,0.5127
77,-0.4127006580872083,-0.365681550655827,26.618591861628243,1.0,0.2781756237593073,10.0,2.3095,macs0416_1534,1.0104000000000006,0.4650999999999996,0.545300000000001,0.42843843965630385,25.51813899988347,-21.619177175331494,0.3002
78,-0.20853826782070534,0.2721605631284454,9.568973075148705,1.0,0.23083219764563676,3.0,1.5525,macs0416_1562,2.1526999999999994,2.8908999999999985,-0.7381999999999991,0.40615201143819335,35.76722886109278,-21.833989813076652,0.5127
79,0.23525561648907703,-0.08588154430404255,7.834691011378768,1.0,0.31898886914863495,3.0,0.5024,macs0416_1628,1.8905999999999992,2.026,-0.13540000000000066,0.42890911595101655,43.07856692089389,-21.833989813076652,0.5127
80,0.1786219361372391,-0.18639326552165633,9.827497850574389,1.0,0.3737654930627592,3.0,2.1483,macs0416_1634,1.285,0.9765000000000016,0.30849999999999866,1.3061738346772074,84.26759538822995,-21.833989813076652,0.5127
81,0.103382599628485,0.2858834085309417,15.121131199422459,1.0,0.3444616486579882,3.0,0.9075,macs0416_1652,2.339699999999997,3.433699999999998,-1.0940000000000012,0.5734119503077373,145.06685640142652,-21.833989813076652,0.5127
82,-0.07525624646675046,-0.2945399506806312,25.80444448920984,2.0,0.3444616486579882,8.0,0.9075,macs0416_1652,2.339699999999997,3.433699999999998,-1.0940000000000012,0.5734119503077373,145.06685640142652,-21.493790801190393,0.3055
83,-0.18216564522017487,-0.24337823008792367,29.07787628248606,3.0,0.3444616486579882,7.0,0.9075,macs0416_1652,2.339699999999997,3.433699999999998,-1.0940000000000012,0.5734119503077373,145.06685640142652,-21.236335289732644,0.3024
84,-0.23714696292849158,0.3347613587190128,10.882197907333763,1.0,0.22643871613666108,8.0,0.5258,macs0416_1653,1.3936000000000028,1.4771,-0.08349999999999724,0.383114898444549,21.025449325571014,-21.493790801190393,0.3055
85,0.17272154079507163,0.3721170765538493,11.369930682690878,2.0,0.22643871613666108,7.0,0.5258,macs0416_1653,1.3936000000000028,1.4771,-0.08349999999999724,0.383114898444549,21.025449325571014,-21.236335289732644,0.3024
86,-0.0065806605520045075,0.2284431621979572,18.072314925942365,1.0,0.2174259135316884,3.0,1.7011,macs0416_1661,1.1595000000000013,0.7668999999999997,0.3926000000000016,0.45058748643663177,20.08918664805705,-21.833989813076652,0.5127
87,-0.72254543085904,0.13551850521106987,20.825462854150583,1.0,0.21709449623995236,5.0,1.5362,macs0416_1673,0.9726999999999996,0.6949000000000005,0.2777999999999992,1.15496712139943,68.52093841130495,-20.62936390531597,0.3033
89,-0.11861750323822357,0.5384109559822794,16.13168105398362,1.0,0.21192619970689117,3.0,0.7211,macs0416_1697,1.4908,1.7831000000000008,-0.2923000000000009,0.40404962016098167,31.844458205183283,-21.833989813076652,0.5127
90,0.21446324794986577,-0.5078995814873413,24.91247940952841,2.0,0.21192619970689117,8.0,0.7211,macs0416_1697,1.4908,1.7831000000000008,-0.2923000000000009,0.40404962016098167,31.844458205183283,-21.493790801190393,0.3055
91,-0.0063858810353425435,-0.551285488762061,27.900239541713404,3.0,0.21192619970689117,7.0,0.7211,macs0416_1697,1.4908,1.7831000000000008,-0.2923000000000009,0.40404962016098167,31.844458205183283,-21.236335289732644,0.3024
92,0.2388416798777679,-0.039107562951147354,8.774791279594144,1.0,0.2700512679174243,3.0,2.1764,macs0416_1699,1.6595000000000013,1.3839000000000006,0.27560000000000073,0.5245533087771593,25.149509613189487,-21.833989813076652,0.5127
93,-0.04688014850896979,-0.07492889215511953,26.97210266904738,1.0,0.28079104786873343,5.0,0.6063,macs0416_1709,1.5239999999999974,1.6138999999999974,-0.08990000000000009,0.7168089249090985,79.12354410620046,-20.62936390531597,0.3033
100,-0.6663531392028222,0.2533385428644337,16.023555823240862,1.0,0.2333942063923859,7.0,2.0608,macs0416_1743,1.1707,0.9025999999999996,0.26810000000000045,0.8007107948453708,65.489736778751,-21.236335289732644,0.3024
101,-0.5317527586008344,0.47481146484318715,24.553813022035197,2.0,0.2333942063923859,8.0,2.0608,macs0416_1743,1.1707,0.9025999999999996,0.26810000000000045,0.8007107948453708,65.489736778751,-21.493790801190393,0.3055
103,0.7002403989489199,-0.46678044054413237,8.306340327332501,1.0,0.2417906388701216,7.0,2.616,macs0416_1796,1.1837000000000018,0.6774000000000022,0.5062999999999995,0.34338763914565795,24.616170578603025,-21.236335289732644,0.3024
104,0.5876912736035667,-0.6023616545937618,19.159328036825816,2.0,0.2417906388701216,8.0,2.616,macs0416_1796,1.1837000000000018,0.6774000000000022,0.5062999999999995,0.34338763914565795,24.616170578603025,-21.493790801190393,0.3055
105,0.2735615011073383,-0.020308283691516646,5.74354751445402,1.0,0.3185631907354575,3.0,0.6333,macs0416_1797,1.5737999999999983,1.686,-0.1122000000000014,0.37202560243927935,22.515602435910626,-21.833989813076652,0.5127
109,-0.1434100217146833,0.07011882801865386,14.003461079657296,1.0,0.3660173167912328,5.0,0.6099,macs0416_1861,2.1465999999999994,2.6563000000000017,-0.5097000000000023,0.4541423160425796,29.292804990729753,-20.62936390531597,0.3033
110,-0.29210786799016303,-0.21872131828059524,5.3012759764743524,1.0,0.467735410578935,3.0,0.5897,macs0416_1880,2.136800000000001,2.2010000000000005,-0.06419999999999959,0.519388882769591,38.12752738708261,-21.833989813076652,0.5127
111,-0.34452841809957635,-0.08092660906863842,10.56818273810933,1.0,0.21049243744202278,7.0,0.5721,macs0416_1894,1.3909999999999982,1.2985000000000009,0.09249999999999757,0.5667104863784292,38.39902699202916,-21.236335289732644,0.3024
112,-0.2671889760103532,-0.23207541453605904,19.378847071646558,2.0,0.21049243744202278,8.0,0.5721,macs0416_1894,1.3909999999999982,1.2985000000000009,0.09249999999999757,0.5667104863784292,38.39902699202916,-21.493790801190393,0.3055
113,-0.3026659128237914,0.408855121353272,12.617398202122406,1.0,0.22862344747142596,10.0,1.15,macs0416_1909,0.8245000000000005,0.8609999999999971,-0.03649999999999665,0.4283836506644326,37.50293085456851,-21.619177175331494,0.3002
114,-0.5017849472850288,0.010363872565750358,11.303244871725838,1.0,0.29440386126253987,10.0,0.5318,macs0416_1916,1.4967000000000006,1.5870999999999995,-0.09039999999999893,0.4616404533269884,32.64537325290077,-21.619177175331494,0.3002
116,0.2235505822304329,-0.030880211661502618,17.950467758974707,1.0,0.4278723475549398,3.0,0.8965,macs0416_1948,1.343399999999999,1.6544999999999987,-0.3110999999999997,0.8482728938892038,59.30615873857547,-21.833989813076652,0.5127
117,-0.13003720501493815,0.18444179461208807,23.012977776736772,2.0,0.4278723475549398,2.0,0.8965,macs0416_1948,1.343399999999999,1.6544999999999987,-0.3110999999999997,0.8482728938892038,59.30615873857547,-22.09302045795348,0.603
118,-0.25036663332741604,0.5183429864141332,20.31069157666765,1.0,0.47650511898122205,7.0,0.65,macs0416_1955,1.4770000000000003,1.6129999999999995,-0.13599999999999926,0.5637091814737788,20.72046407584533,-21.236335289732644,0.3024
119,-0.45315307636098895,0.3549861856931884,24.915909407714153,2.0,0.47650511898122205,8.0,0.65,macs0416_1955,1.4770000000000003,1.6129999999999995,-0.13599999999999926,0.5637091814737788,20.72046407584533,-21.493790801190393,0.3055
120,0.4834119540235765,-0.31253125500585477,25.96211663314123,3.0,0.47650511898122205,2.0,0.65,macs0416_1955,1.4770000000000003,1.6129999999999995,-0.13599999999999926,0.5637091814737788,20.72046407584533,-22.09302045795348,0.603
121,-0.28246601153086154,-0.5015733794553636,28.864856532902195,4.0,0.47650511898122205,3.0,0.65,macs0416_1955,1.4770000000000003,1.6129999999999995,-0.13599999999999926,0.5637091814737788,20.72046407584533,-21.833989813076652,0.5127
122,0.1227965173597781,-0.41828682833968794,17.02183451215104,1.0,0.2241062505312241,3.0,0.8493,macs0416_1976,1.4975000000000025,1.4543,0.04320000000000235,0.4328065574792819,38.50947420789154,-21.833989813076652,0.5127
123,0.2217878580489361,0.37530387882385496,23.890709048765167,2.0,0.2241062505312241,2.0,0.8493,macs0416_1976,1.4975000000000025,1.4543,0.04320000000000235,0.4328065574792819,38.50947420789154,-22.09302045795348,0.603
124,0.14284959196815317,0.5599694968117374,25.747318522685852,1.0,0.21140656284561266,7.0,2.4145,macs0416_1977,1.2162000000000006,0.7799000000000014,0.4362999999999992,0.6857439421952635,37.72892880543686,-21.236335289732644,0.3024
125,-0.023349602717676946,-0.18126090618043625,12.72190812115362,1.0,0.27371448429178274,3.0,1.9744,macs0416_1980,1.2813000000000017,0.8717000000000006,0.4096000000000011,0.49820098444166794,32.27458591184835,-21.833989813076652,0.5127
126,0.08341443715395357,0.1626122742314226,25.41054752298813,2.0,0.27371448429178274,2.0,1.9744,macs0416_1980,1.2813000000000017,0.8717000000000006,0.4096000000000011,0.49820098444166794,32.27458591184835,-22.09302045795348,0.603
127,-0.44384059219541006,-0.015198385680976688,14.137386051698257,1.0,0.310084697927151,3.0,0.7511,macs0416_1982,1.3173999999999992,1.5019999999999991,-0.18459999999999965,0.4520838331909603,37.60011854184229,-21.833989813076652,0.5127
128,-0.06348616232710914,0.08540959060197478,24.37699385221563,1.0,0.23528040992561886,5.0,1.3551,macs0416_2026,0.9421,0.7120999999999995,0.23000000000000045,0.7356213205420213,61.8258269477221,-20.62936390531597,0.3033
129,0.12892971326510788,-0.21913144779855329,7.255037695520351,1.0,0.21564645202218288,5.0,0.727,macs0416_2040,1.936600000000002,2.0130000000000017,-0.07639999999999958,0.48118274736488664,44.28794481125817,-20.62936390531597,0.3033
130,-0.07078882205578099,-0.2610228330727418,23.948835984822903,1.0,0.3333490217521331,3.0,1.0178,macs0416_2051,1.552699999999998,2.3015000000000008,-0.7488000000000028,0.5831752025576606,22.13084546808763,-21.833989813076652,0.5127
131,-0.12130017900119168,0.46366098813883744,4.819509431917034,1.0,0.23689888396934364,5.0,0.8018,macs0416_2072,1.2682000000000002,1.2354000000000018,0.032799999999998164,0.4113394728955903,23.272242212806052,-20.62936390531597,0.3033
133,0.43629643755800285,-0.39174541339361757,17.87169434685949,1.0,0.24705956141992788,7.0,0.8765,macs0416_2077,1.6832999999999991,2.453799999999997,-0.7704999999999984,0.4120326861862364,69.15551978884551,-21.236335289732644,0.3024
134,0.5387303997763333,-0.23149213096252905,26.525492910578336,2.0,0.24705956141992788,8.0,0.8765,macs0416_2077,1.6832999999999991,2.453799999999997,-0.7704999999999984,0.4120326861862364,69.15551978884551,-21.493790801190393,0.3055
135,-0.2734762099902601,0.5186808391584402,27.38324640038758,3.0,0.24705956141992788,2.0,0.8765,macs0416_2077,1.6832999999999991,2.453799999999997,-0.7704999999999984,0.4120326861862364,69.15551978884551,-22.09302045795348,0.603
136,-0.11746341116741241,0.0540500873210385,27.385053486449376,1.0,0.3584875118291183,5.0,0.5198,macs0416_2094,1.9800000000000004,2.412700000000001,-0.4327000000000005,0.5118045551504697,25.135550705844512,-20.62936390531597,0.3033
137,0.541562211490032,-0.5607888328298891,14.212465619985753,1.0,0.22789866486018445,3.0,3.3783,macs0416_2100,2.2199999999999993,1.8984999999999983,0.32150000000000034,0.4531189716739208,24.0124185142833,-21.833989813076652,0.5127
138,-0.685798532256015,0.3707480506977471,23.833872334358528,2.0,0.22789866486018445,2.0,3.3783,macs0416_2100,2.2199999999999993,1.8984999999999983,0.32150000000000034,0.4531189716739208,24.0124185142833,-22.09302045795348,0.603
139,-0.46470669646691504,0.23073228878999502,18.631613480307227,1.0,0.4191170651150359,2.0,0.492,macs0416_2104,1.3401999999999994,1.0518,0.2883999999999993,0.7695501215414386,54.14181686961299,-22.09302045795348,0.603
140,0.3602054546089816,-0.3734189782287451,26.58902641542524,2.0,0.4191170651150359,7.0,0.492,macs0416_2104,1.3401999999999994,1.0518,0.2883999999999993,0.7695501215414386,54.14181686961299,-21.236335289732644,0.3024
141,0.21119598881288673,-0.31595255621956286,24.201371745346716,1.0,0.3211782331580917,3.0,0.6665,macs0416_2128,1.5944000000000005,1.9343000000000004,-0.3399000000000001,0.65454374400657,38.53168244189348,-21.833989813076652,0.5127
142,1.2954186936797096,-0.33426376671799823,21.528608504278793,1.0,0.21020916160561054,5.0,1.2955,macs0416_2148,1.0778,0.7959999999999994,0.2818000000000005,0.3964409625850598,20.638366963025998,-20.62936390531597,0.3033
143,0.022897714944589403,0.3201473415075743,19.424435312164952,1.0,0.3407280544853407,7.0,1.347,macs0416_2153,0.7559000000000005,0.4748000000000019,0.2810999999999986,2.6782754786664356,29.411246196417324,-21.236335289732644,0.3024
144,-0.2423267284271757,-0.2104670575501851,28.66506519897168,2.0,0.3407280544853407,2.0,1.347,macs0416_2153,0.7559000000000005,0.4748000000000019,0.2810999999999986,2.6782754786664356,29.411246196417324,-22.09302045795348,0.603
145,-0.047217803644365265,0.31747299828970216,29.301849992091686,3.0,0.3407280544853407,8.0,1.347,macs0416_2153,0.7559000000000005,0.4748000000000019,0.2810999999999986,2.6782754786664356,29.411246196417324,-21.493790801190393,0.3055
146,-0.21323649024649657,0.08179436044015677,17.818177609958813,1.0,0.39335699093942206,2.0,2.3289,macs0416_2161,1.0015,0.600200000000001,0.4012999999999991,0.7327113095699914,34.31784538201546,-22.09302045795348,0.603
147,0.18616017670680565,-0.13230459848754086,27.101168770298557,2.0,0.39335699093942206,7.0,2.3289,macs0416_2161,1.0015,0.600200000000001,0.4012999999999991,0.7327113095699914,34.31784538201546,-21.236335289732644,0.3024
148,0.5482807962811401,-0.1364234599422001,16.037454434902205,1.0,0.21672094132789166,3.0,3.4273,macs0416_2171,2.3322000000000003,2.2393,0.0929000000000002,0.42876901176903126,27.31859051863257,-21.833989813076652,0.5127
149,-0.49063551914366077,-0.28017847766720544,24.36438900103985,2.0,0.21672094132789166,2.0,3.4273,macs0416_2171,2.3322000000000003,2.2393,0.0929000000000002,0.42876901176903126,27.31859051863257,-22.09302045795348,0.603
151,0.5558343699922261,-0.25097613763324644,7.5976859477524386,1.0,0.32061050578080064,10.0,0.7834,macs0416_2180,1.3863999999999983,1.7392000000000003,-0.352800000000002,0.7719720968155465,22.698141682648806,-21.619177175331494,0.3002
152,-0.19438894961279343,-0.2326562672116809,16.93176433977733,1.0,0.45081028255031563,10.0,0.7063,macs0416_2193,1.2966000000000015,1.4230000000000018,-0.1264000000000003,1.1298077273251979,48.99312861470848,-21.619177175331494,0.3002
153,-0.20423319368007006,0.3291324688879295,15.90381810400189,1.0,0.2625999942432456,2.0,0.4563,macs0416_2201,2.347099999999997,2.8551,-0.5080000000000027,0.42274911497723955,27.19464740593468,-22.09302045795348,0.603
154,0.09230081613179736,-0.37619135930856923,29.184421005654293,2.0,0.2625999942432456,7.0,0.4563,macs0416_2201,2.347099999999997,2.8551,-0.5080000000000027,0.42274911497723955,27.19464740593468,-21.236335289732644,0.3024
155,0.7760165173640168,0.09016539954432519,18.606238278675278,1.0,0.26512985830217883,3.0,2.9032,macs0416_2209,2.0829999999999984,2.2059,-0.12290000000000136,0.40831401239779486,25.27642693899077,-21.833989813076652,0.5127
156,-0.6900462989376706,-0.3662888748231211,19.68190822460578,2.0,0.26512985830217883,2.0,2.9032,macs0416_2209,2.0829999999999984,2.2059,-0.12290000000000136,0.40831401239779486,25.27642693899077,-22.09302045795348,0.603
157,0.019520607533769913,-0.04607513374405355,23.170655068192808,1.0,0.42138346019984274,10.0,0.7652,macs0416_2215,1.2444000000000024,1.6925000000000026,-0.44810000000000016,0.37695462529913826,20.29102477766913,-21.619177175331494,0.3002
160,0.5083158680292824,0.13824399391058223,18.8980819252993,1.0,0.23712327136632186,10.0,3.2669,macs0416_2230,2.162700000000001,2.1751000000000005,-0.012399999999999524,1.5069406211484624,40.33527470090823,-21.619177175331494,0.3002
162,0.4577586934656159,0.47710150449270317,21.47979803894081,1.0,0.3014084692707034,2.0,1.0168,macs0416_2275,1.1058999999999983,0.8421999999999983,0.26370000000000005,0.42712484725344607,26.58319206189916,-22.09302045795348,0.603
163,-0.06368406314331032,-0.6581133695147876,25.686824444704467,2.0,0.3014084692707034,7.0,1.0168,macs0416_2275,1.1058999999999983,0.8421999999999983,0.26370000000000005,0.42712484725344607,26.58319206189916,-21.236335289732644,0.3024
164,-0.0048414842772609,0.18310200585068834,23.360036774961415,1.0,0.5986568932264351,2.0,0.6673,macs0416_2293,1.203800000000001,1.3276000000000003,-0.12379999999999924,0.5511553313339476,64.01297758927664,-22.09302045795348,0.603
165,0.1618547507352725,-0.0857486103734357,28.188226170139682,2.0,0.5986568932264351,7.0,0.6673,macs0416_2293,1.203800000000001,1.3276000000000003,-0.12379999999999924,0.5511553313339476,64.01297758927664,-21.236335289732644,0.3024
166,0.5164949727394116,0.30495775102335093,20.41788244933112,1.0,0.3845856242159304,5.0,2.1798,macs0416_2297,1.136400000000002,0.7618000000000009,0.3746000000000009,0.5973449973977571,37.0795714997673,-20.62936390531597,0.3033
167,-0.21044026932138626,-0.14444101919079116,10.752212279556785,1.0,0.3907122854875901,5.0,0.5426,macs0416_2319,2.097899999999999,2.1922999999999995,-0.09440000000000026,0.5108400670684178,26.930484612767067,-20.62936390531597,0.3033
169,-0.6067511776616495,0.4179618923004033,13.463883789060093,1.0,0.23101894701816839,2.0,1.9799,macs0416_2333,0.9780999999999976,0.29199999999999804,0.6860999999999997,0.5416875055370397,47.579848470651314,-22.09302045795348,0.603
170,-0.12147601888720043,0.5060996143117447,18.688836457374837,1.0,0.23245529347556707,5.0,1.0066,macs0416_2337,0.8365000000000009,0.9202000000000012,-0.08370000000000033,0.4546427108245242,22.490177966933537,-20.62936390531597,0.3033
171,-0.018881380051032338,-0.39683166849881824,22.344398226229846,1.0,0.3464887949368848,5.0,0.6762,macs0416_2339,1.3914000000000009,1.7622999999999998,-0.3708999999999989,0.5449627529400908,62.93069200376897,-20.62936390531597,0.3033
174,-0.2784776041891437,-0.1549106954810885,12.999867915378413,1.0,0.3034245695801933,5.0,3.1176,macs0416_2359,1.8977000000000004,1.5303000000000004,0.3674,0.6797794057578183,31.261426515288864,-20.62936390531597,0.3033
175,-0.008465366801484839,0.13808672491784535,9.384477975626774,1.0,0.4911569188024806,5.0,1.051,macs0416_2370,1.0143000000000022,1.1536000000000008,-0.13929999999999865,1.0464221163303349,160.15935953437196,-20.62936390531597,0.3033
177,-0.08698189055874411,0.026293386560335065,9.882210607756331,1.0,0.48353075017414227,2.0,1.62,macs0416_2397,1.0093999999999994,0.8231999999999999,0.18619999999999948,0.7065727637959959,83.66749226659414,-22.09302045795348,0.603
178,-0.05030949458149505,0.0756713037877574,29.31729423184586,2.0,0.48353075017414227,0.0,1.62,macs0416_2397,1.0093999999999994,0.8231999999999999,0.18619999999999948,0.7065727637959959,83.66749226659414,-21.922528155650117,0.3428
179,0.047471166806319944,-0.07748341618714998,29.668711320685063,3.0,0.48353075017414227,3.0,1.62,macs0416_2397,1.0093999999999994,0.8231999999999999,0.18619999999999948,0.7065727637959959,83.66749226659414,-21.833989813076652,0.5127
180,0.04693036295932149,-0.22262606587894027,20.195914863620178,1.0,0.5117456914668682,2.0,1.2314,macs0416_2410,1.0470999999999968,1.0246999999999993,0.02239999999999753,1.3312244418283854,67.71083838781064,-22.09302045795348,0.603
185,-0.3959324765962442,-0.39314581426681805,16.363603852669026,1.0,0.22124670699465127,2.0,2.8748,macs0416_2442,1.836500000000001,1.5126000000000026,0.3238999999999983,0.4103839403023501,25.640818186486978,-22.09302045795348,0.603
186,0.5170883716883331,-0.20963247163515283,28.058129774889256,2.0,0.22124670699465127,3.0,2.8748,macs0416_2442,1.836500000000001,1.5126000000000026,0.3238999999999983,0.4103839403023501,25.640818186486978,-21.833989813076652,0.5127
187,-0.37624508445639704,0.24172784610263753,24.879503216766018,1.0,0.21059635074191307,5.0,0.6572,macs0416_2459,2.907400000000002,3.2697000000000003,-0.3622999999999976,0.5020805539882424,24.488738336115798,-20.62936390531597,0.3033
189,-0.8870739835009083,-0.45264173865151636,8.221199845175102,1.0,0.21324848140916772,2.0,1.6054,macs0416_2489,1.0987000000000011,0.7218000000000018,0.3768999999999991,0.3532342763601129,20.01623269596392,-22.09302045795348,0.603
190,-0.9538433224349226,0.28630003845606694,27.806209426753398,2.0,0.21324848140916772,0.0,1.6054,macs0416_2489,1.0987000000000011,0.7218000000000018,0.3768999999999991,0.3532342763601129,20.01623269596392,-21.922528155650117,0.3428
191,-0.059845679125690374,0.4128723651913116,26.95312359933463,1.0,0.353163533332715,5.0,0.7601,macs0416_2491,1.5140999999999991,1.5530000000000008,-0.03890000000000171,0.5150264418070212,27.98580854523869,-20.62936390531597,0.3033
192,0.5308244922799096,-0.2093522670702939,14.454737549677045,1.0,0.21959851333221084,10.0,0.8036,macs0416_2501,1.4087999999999994,1.642900000000001,-0.23410000000000156,0.37359508112549883,50.64880597424139,-21.619177175331494,0.3002
195,-0.0011292602305451758,-0.030183725863786218,6.67425428727185,1.0,0.33491306307819124,2.0,0.4698,macs0416_2522,2.0066999999999986,1.8274000000000008,0.1792999999999978,0.33533126365600946,30.23516090900163,-22.09302045795348,0.603
196,0.028984607719684446,-0.008498532286489053,24.497718823500456,2.0,0.33491306307819124,1.0,0.4698,macs0416_2522,2.0066999999999986,1.8274000000000008,0.1792999999999978,0.33533126365600946,30.23516090900163,-21.022566241527134,0.3434
197,0.02595739972803662,-0.015444932341949982,25.01631003353749,3.0,0.33491306307819124,0.0,0.4698,macs0416_2522,2.0066999999999986,1.8274000000000008,0.1792999999999978,0.33533126365600946,30.23516090900163,-21.922528155650117,0.3428
198,0.0158724722830056,-0.034706092200847076,11.863325999417171,1.0,0.3280707965494859,2.0,0.4295,macs0416_2529,2.0898000000000003,2.1386000000000003,-0.04879999999999996,0.5398595309641294,70.58442528886097,-22.09302045795348,0.603
199,-0.020458586460061677,-0.032216369321893805,26.74735359404101,2.0,0.3280707965494859,0.0,0.4295,macs0416_2529,2.0898000000000003,2.1386000000000003,-0.04879999999999996,0.5398595309641294,70.58442528886097,-21.922528155650117,0.3428
200,-0.4628033155056896,0.33067101378674185,25.664673269353372,1.0,0.38172262320066175,5.0,1.3217,macs0416_2540,1.1626999999999974,1.0848999999999975,0.07779999999999987,1.4592503784935422,64.15074601826026,-20.62936390531597,0.3033
201,0.13400528588502816,-0.21630781823789744,26.06871838211925,1.0,0.38839464686815556,5.0,1.4592,macs0416_2547,1.1919000000000004,1.467600000000001,-0.2757000000000005,0.5257703492110527,65.34711987062927,-20.62936390531597,0.3033
202,-0.11440227360698188,0.17377305687421926,21.961280185459273,1.0,0.547732855195616,5.0,1.1693,macs0416_2554,1.5032999999999994,2.3956000000000017,-0.8923000000000023,0.7174545175653504,94.01590714839494,-20.62936390531597,0.3033
203,-0.4151044760642849,0.0424957109418337,16.83638623915932,1.0,0.3041900157569368,5.0,0.6963,macs0416_2559,1.2209999999999999,1.1959000000000015,0.025099999999998342,1.555607353652461,104.54680702279612,-20.62936390531597,0.3033
205,0.18330072767444763,-0.05518378632341277,25.13687794028258,1.0,0.25795044333831113,2.0,0.6205,macs0416_2566,1.366500000000002,1.4583000000000013,-0.09179999999999923,0.41148911480740197,25.212531589313308,-22.09302045795348,0.603
209,-1.2224271027737683,-0.16403385855955666,27.455469843929084,1.0,0.24619725853207156,5.0,1.3598,macs0416_2608,1.0086999999999977,0.5532000000000004,0.4554999999999971,0.7642459135322974,27.445707516141013,-20.62936390531597,0.3033
213,-0.27104420334060214,0.1850338638997364,28.626558240743613,1.0,0.5119570555034619,5.0,0.8947,macs0416_2645,1.278299999999998,1.5525999999999982,-0.2743000000000002,0.5604857396981114,45.85822483764637,-20.62936390531597,0.3033
214,0.46926808212237336,0.8216148542351241,22.829003139891704,1.0,0.2450231766592865,10.0,1.2766,macs0416_2649,2.299500000000002,3.3359999999999985,-1.0364999999999966,3.5522791861753475,33.32835273947204,-21.619177175331494,0.3002
215,-0.525411785794737,-0.7868964080148035,26.722183134122094,2.0,0.2450231766592865,11.0,1.2766,macs0416_2649,2.299500000000002,3.3359999999999985,-1.0364999999999966,3.5522791861753475,33.32835273947204,-21.262027104966844,0.3965
224,-0.10827069344955947,-0.14603388156817776,26.557242853216483,1.0,0.5172062559909026,5.0,0.6642,macs0416_2709,1.328199999999999,1.7173999999999978,-0.3891999999999989,0.6115238806060834,89.22257855398189,-20.62936390531597,0.3033
225,0.001337518660208807,-0.6100327363881582,29.87582429415593,1.0,0.22643328229504087,1.0,0.8812,macs0416_2716,0.9329999999999998,1.231300000000001,-0.2983000000000011,0.4634339099276251,21.47309436783315,-21.022566241527134,0.3434
226,-0.10274030313978187,-0.1397509709517853,26.753661999170728,1.0,0.2170303766326485,5.0,1.6847,macs0416_2723,0.8822999999999972,0.31129999999999924,0.570999999999998,0.5883860479298413,40.40654032625221,-20.62936390531597,0.3033
227,0.10179984993015492,-0.3645205816854117,24.112722275068148,1.0,0.32112396251911274,0.0,3.0746,macs0416_2811,1.5668999999999969,1.4257999999999988,0.14109999999999803,0.5124545734014578,21.128968119408874,-21.922528155650117,0.3428
228,0.3579281855044095,-0.12298730804271606,24.460143993322347,2.0,0.32112396251911274,2.0,3.0746,macs0416_2811,1.5668999999999969,1.4257999999999988,0.14109999999999803,0.5124545734014578,21.128968119408874,-22.09302045795348,0.603
229,0.13213586588107562,-0.3546527553339059,29.918922199735086,3.0,0.32112396251911274,1.0,3.0746,macs0416_2811,1.5668999999999969,1.4257999999999988,0.14109999999999803,0.5124545734014578,21.128968119408874,-21.022566241527134,0.3434
232,-0.0219239969939867,-0.05760125177395567,17.82226856583584,1.0,0.3929122305126552,0.0,0.419,macs0416_2861,2.3324,2.6188,-0.28640000000000043,0.3588683444586163,24.55456622105147,-21.922528155650117,0.3428
233,0.047218535887540436,-0.03961029814020622,20.915078938841376,2.0,0.3929122305126552,2.0,0.419,macs0416_2861,2.3324,2.6188,-0.28640000000000043,0.3588683444586163,24.55456622105147,-22.09302045795348,0.603
234,-0.015122118828310521,-0.05974853447793866,23.584870839983157,3.0,0.3929122305126552,1.0,0.419,macs0416_2861,2.3324,2.6188,-0.28640000000000043,0.3588683444586163,24.55456622105147,-21.022566241527134,0.3434
239,0.010248471334941145,0.7028401060969353,18.180543934296196,1.0,0.2681045456822876,11.0,2.9598,macs0416_2924,1.5968000000000018,0.997,0.5998000000000019,0.6459651404198365,37.61105421726437,-21.262027104966844,0.3965
243,0.3528344120818739,0.1896266645309357,23.233497306061793,1.0,0.23454254622071918,1.0,0.7336,macs0416_2941,1.3978000000000002,1.5025000000000013,-0.10470000000000113,0.9353679628325768,51.95269617109684,-21.022566241527134,0.3434
244,0.35636861757997446,0.182898339671052,29.445671186106782,2.0,0.23454254622071918,0.0,0.7336,macs0416_2941,1.3978000000000002,1.5025000000000013,-0.10470000000000113,0.9353679628325768,51.95269617109684,-21.922528155650117,0.3428
245,0.06301444349738126,-0.5377794190942935,21.0794684226353,1.0,0.2759933627304013,6.0,0.4616,macs0416_2952,1.317899999999998,1.7966999999999975,-0.4787999999999997,0.5250401727434797,28.68343649925024,-20.747761543947647,0.5051
246,-0.12506775365267836,0.11864589849818148,18.55684352856456,1.0,0.2497524802503455,11.0,0.5404,macs0416_2974,1.556000000000001,1.8440000000000007,-0.28800000000000026,0.3779519971460278,22.069464609955126,-21.262027104966844,0.3965
251,-0.2138062297870644,0.32686117126503955,24.24071699262247,1.0,0.21830766238047059,0.0,0.5116,macs0416_3033,2.5716,2.7378,-0.1661999999999999,0.41220216084403716,35.37715862260313,-21.922528155650117,0.3428
255,0.18976201128178466,0.5266442700564659,15.198963813183461,1.0,0.28073258481333263,6.0,2.143,macs0416_3054,1.216899999999999,0.8904999999999994,0.3263999999999996,0.5891017307501653,22.76781292707404,-20.747761543947647,0.5051
256,-0.00644089698189838,-0.2984909317232742,29.037512156567963,1.0,0.2698352273644667,0.0,1.5801,macs0416_3055,4.360699999999998,5.9329,-1.5722000000000025,0.523143081449496,90.05496466089848,-21.922528155650117,0.3428
257,-0.34312268855232486,-0.5387098326816491,18.782959672368165,1.0,0.32136680218635144,0.0,0.5612,macs0416_3084,1.8775999999999973,2.177199999999999,-0.29960000000000164,0.5247421558600661,30.472369736331093,-21.922528155650117,0.3428
258,-0.3646906685956492,-0.5243492914713668,24.952725178119824,2.0,0.32136680218635144,1.0,0.5612,macs0416_3084,1.8775999999999973,2.177199999999999,-0.29960000000000164,0.5247421558600661,30.472369736331093,-21.022566241527134,0.3434
262,0.4125238356268817,0.5388081272265277,6.102705950156225,1.0,0.2903053550764692,1.0,1.6598,macs0416_3120,1.2792999999999992,0.8768999999999991,0.4024000000000001,0.44221448821212966,24.17642135614507,-21.022566241527134,0.3434
263,-0.23222097837626215,0.6376233450303118,6.801361336955426,2.0,0.2903053550764692,0.0,1.6598,macs0416_3120,1.2792999999999992,0.8768999999999991,0.4024000000000001,0.44221448821212966,24.17642135614507,-21.922528155650117,0.3428
264,0.04946260733531998,0.6767891572722368,28.624820047470024,3.0,0.2903053550764692,2.0,1.6598,macs0416_3120,1.2792999999999992,0.8768999999999991,0.4024000000000001,0.44221448821212966,24.17642135614507,-22.09302045795348,0.603
265,0.034818266301123044,0.2321695589195219,14.404670021877713,1.0,0.5336266026915771,6.0,0.6047,macs0416_3128,1.3063000000000002,1.306000000000001,0.0002999999999993008,0.6829269061347122,68.05594641879713,-20.747761543947647,0.5051
266,-0.14854608310973152,-0.46261692216116523,24.004925168773173,1.0,0.24028442521662127,11.0,1.4594,macs0416_3133,0.9277000000000016,0.5116000000000014,0.41610000000000014,0.5287793098780339,26.267864605098204,-21.262027104966844,0.3965
269,-0.08569217279110844,0.16754832171947165,21.221106395050665,1.0,0.2795460530098228,6.0,2.9363,macs0416_3163,1.9367000000000016,1.7653,0.17140000000000197,0.6088388661771974,41.342317436055176,-20.747761543947647,0.5051
270,-0.1816362749873752,-0.6043124624627683,29.541176814776144,1.0,0.2552077179500823,6.0,0.5274,macs0416_3166,1.7896,1.8887,-0.09909999999999997,0.8120682475578495,50.74812132687493,-20.747761543947647,0.5051
273,-0.4021267757427067,-0.019383762896538724,10.993263133640715,1.0,0.4732699864925807,1.0,1.6652,macs0416_3215,1.1047000000000011,0.9115000000000002,0.19320000000000093,1.374080091583429,138.87705788362163,-21.022566241527134,0.3434
274,-0.33523047551186164,-0.22293990742203498,12.08768638701641,2.0,0.4732699864925807,0.0,1.6652,macs0416_3215,1.1047000000000011,0.9115000000000002,0.19320000000000093,1.374080091583429,138.87705788362163,-21.922528155650117,0.3428
275,-0.1541813083334709,-0.06301570057063981,11.203900526864421,1.0,0.22580321790350305,11.0,0.4634,macs0416_3217,4.145399999999999,4.764700000000001,-0.6193000000000026,0.33844199157125615,30.844511521112672,-21.262027104966844,0.3965
278,-0.2701455020572392,0.26257533321106397,22.453483621053667,1.0,0.3314136824842837,6.0,1.6999,macs0416_3324,1.1133999999999986,0.6429000000000009,0.4704999999999977,0.5983360464944245,44.161552523963,-20.747761543947647,0.5051
279,0.18087411018031674,0.33680536147945717,14.955565074260106,1.0,0.29498717410517294,1.0,2.1089,macs0416_3343,1.0358000000000018,0.5925000000000011,0.4433000000000007,0.34913776512403744,22.014386514823165,-21.022566241527134,0.3434
280,0.036481897375952047,0.3805553394956897,16.105577368355117,2.0,0.29498717410517294,0.0,2.1089,macs0416_3343,1.0358000000000018,0.5925000000000011,0.4433000000000007,0.34913776512403744,22.014386514823165,-21.922528155650117,0.3428
281,0.09088026018562749,0.03404330324225326,16.527510420900093,1.0,0.3312621232106001,1.0,0.7512,macs0416_3345,1.3613999999999995,1.5701,-0.20870000000000036,0.7903316959769376,51.43095204313561,-21.022566241527134,0.3434
282,0.07534186352837682,0.06117002359916825,19.020775667909724,2.0,0.3312621232106001,0.0,0.7512,macs0416_3345,1.3613999999999995,1.5701,-0.20870000000000036,0.7903316959769376,51.43095204313561,-21.922528155650117,0.3428
283,-0.3970690476931281,0.16985995775688953,24.949960089254766,1.0,0.39457204649066013,6.0,1.588,macs0416_3362,71.2262,72.3254,-1.0991999999999995,0.5988814025463529,21.229198123365446,-20.747761543947647,0.5051
286,-0.554410914604684,-0.0851811332135148,16.735570958745352,1.0,0.2733899135347713,6.0,0.5561,macs0416_3391,1.8711999999999984,2.1342,-0.2630000000000017,0.5131677613503862,20.581753057228287,-20.747761543947647,0.5051
287,-0.2562244246786241,-0.29214793804913364,17.804909653042895,1.0,0.3601471440672326,1.0,1.6835,macs0416_3398,0.7000999999999991,0.3923999999999985,0.3077000000000005,0.37585873667721303,24.61494196373653,-21.022566241527134,0.3434
288,-0.14942703696479248,-0.3587100976166894,19.41337022634395,2.0,0.3601471440672326,0.0,1.6835,macs0416_3398,0.7000999999999991,0.3923999999999985,0.3077000000000005,0.37585873667721303,24.61494196373653,-21.922528155650117,0.3428
289,0.033068656244445396,-0.35050663977658314,17.87698341348275,1.0,0.36089201727411013,1.0,1.6835,macs0416_3403,0.7837999999999994,0.5235999999999983,0.2602000000000011,0.3893461479796578,21.378600146078576,-21.022566241527134,0.3434
290,0.14348540694819703,-0.3214970894832409,19.41007155645529,2.0,0.36089201727411013,0.0,1.6835,macs0416_3403,0.7837999999999994,0.5235999999999983,0.2602000000000011,0.3893461479796578,21.378600146078576,-21.922528155650117,0.3428
291,0.019286825175452826,0.02479114247964236,24.257864435742075,1.0,0.6305093067278493,6.0,0.54,macs0416_3412,1.9515999999999991,1.8993,0.0522999999999989,0.5263712067300069,65.2537682560073,-20.747761543947647,0.5051
294,-0.6603506774656998,-0.1091733021242954,15.269972739176556,1.0,0.25213189336047814,6.0,2.658,macs0416_3462,0.9845000000000006,0.5588999999999977,0.4256000000000029,0.9625311466967011,38.19112949776256,-20.747761543947647,0.5051
295,0.7554332704543056,-0.4201089553736575,20.38131527753228,1.0,0.22156856376300404,6.0,2.9407,macs0416_3472,1.5759999999999967,1.0546999999999969,0.5213000000000001,0.5962497185861261,33.04261751534916,-20.747761543947647,0.5051
296,0.4057138527490127,-0.036846567370753376,27.090725321205813,1.0,0.29036120805920096,6.0,2.1639,macs0416_3476,1.0092999999999996,0.6090999999999979,0.4002000000000017,0.7562305521166114,48.54781277655317,-20.747761543947647,0.5051
297,0.2005420077606493,-0.12592537684581448,22.578647495199192,1.0,0.4234156324715061,6.0,0.535,macs0416_3487,1.2886999999999986,1.2283000000000008,0.06039999999999779,0.5061882783296778,21.09403203005781,-20.747761543947647,0.5051
298,0.6468960531378807,0.4747821902663354,27.280294241295923,1.0,0.23465512662819002,11.0,1.1502,macs0416_3503,1.010100000000001,0.9887000000000016,0.021399999999999864,0.44139484357020875,25.98213695388106,-21.262027104966844,0.3965
299,0.23305401844868218,-0.21465260282580378,9.480412955776107,1.0,0.25723826040753006,6.0,0.7343,macs0416_3509,1.4888000000000012,1.9262000000000012,-0.4374000000000002,0.7776391152398938,42.57077100390522,-20.747761543947647,0.5051
303,0.462303069281189,0.19861839603278916,18.692121975521673,1.0,0.22823113147668073,6.0,1.3275,macs0416_3549,0.9317999999999992,0.6641999999999975,0.2676000000000016,0.5186428305233434,26.893270200293948,-20.747761543947647,0.5051
305,-0.01434750325004171,-0.2104186908238167,13.36489741890703,1.0,0.27316888611795576,6.0,1.2178,macs0416_3614,0.9110000000000014,1.0899,-0.17889999999999873,0.471962966196437,24.13993915180777,-20.747761543947647,0.5051
306,0.7748459997522625,0.452424246837416,16.5965628639135,1.0,0.26743895221367553,6.0,2.8312,macs0416_3661,1.7376000000000005,1.4716999999999985,0.26590000000000197,0.5986422389778087,31.756277855456442,-20.747761543947647,0.5051
307,-0.018520012830990393,0.021471523780706117,18.72310251757463,1.0,0.2873047338349843,6.0,0.6953,macs0416_3688,1.8878999999999984,2.292300000000001,-0.40440000000000254,0.4769618613506898,27.04232007648604,-20.747761543947647,0.5051
308,-0.06263410546002733,-0.31130395156015817,22.878903067009226,1.0,0.3603601955267164,6.0,0.5083,macs0416_3694,1.5274,1.4404000000000003,0.08699999999999974,1.5087702395391136,36.515718796111564,-20.747761543947647,0.5051
309,0.05473753431234697,-0.15684334317496212,22.16133847676778,1.0,0.23964504103140494,6.0,3.3733,macs0416_3720,2.934000000000001,2.9329,0.001100000000000989,0.6072141642588975,34.01351513043681,-20.747761543947647,0.5051
310,-0.028391368812800626,-0.13966773145543981,27.379258434196448,1.0,0.31879008546248067,6.0,0.4469,macs0416_3731,4.664999999999999,4.720099999999999,-0.05509999999999948,0.543111195103665,33.39114084182972,-20.747761543947647,0.5051
