,id,ra,dec,f_F435W,e_F435W,f_F606W,e_F606W,f_F814W,e_F814W,f_F160W,e_F160W,z_use,X_IMAGE,Y_IMAGE,band,mag_F814w
7382,20001,64.038099,-24.0675,88.216,3.27175,469.676,3.22325,1175.88,4.21734,3171.52,4.91411,0.4003,4553.215557854771,5541.166268863182,bcg,17.324092490711255
7383,20002,64.03196899999999,-24.077423,69.1063,3.61915,440.335,3.1459200000000003,1083.93,3.7969800000000005,2824.5,4.7668,0.3962,5224.823296895519,4350.396463974866,bcg,17.412496908874488
7384,20003,64.029674,-24.083431,24.7476,2.28768,209.23,1.84645,492.855,2.37836,1279.09,2.71367,0.3975,5476.224092128242,3629.4252410407753,bcg,18.268202082954915
7386,20005,64.040104,-24.065921,22.2566,0.639175,121.178,3.40374,293.42400000000004,5.939030000000001,760.19,12.1851,0.394,4333.527885926448,5730.643117003419,bcg,18.83126091708658
7387,20006,64.03471,-24.071602,11.2146,1.0610899999999999,85.5633,1.12305,210.834,1.73842,557.95,3.7599,0.4011,4924.532781240781,5048.924470351677,bcg,19.190148379026986
7388,20007,64.044864,-24.073535,19.2877,0.42435500000000004,106.71799999999999,0.9337620000000001,264.356,1.60671,677.055,2.6529,0.4029,3812.0289723012324,4816.943056103883,bcg,18.944527070274845
7390,20009,64.04854499999999,-24.065726,11.8264,0.32753000000000004,62.8068,0.348358,154.813,0.445309,398.18199999999996,0.93706,0.4053,3408.652113055158,5753.995452574463,bcg,19.525481433564153
7391,20010,64.048713,-24.065112,8.01716,0.212263,43.0982,0.33262600000000003,104.914,0.584331,276.70099999999996,0.9822120000000001,0.3901,3390.2383536001926,5827.6739428908495,bcg,19.947916386354645
7392,20011,64.048704,-24.064564,5.55921,0.180328,24.9598,0.21940500000000002,58.4009,0.24500100000000002,142.67600000000002,0.26829400000000003,0.4008,3391.219042236215,5893.434027306383,bcg,20.583951150111897
7393,20012,64.036866,-24.080679999999997,13.4586,0.5194439999999999,83.4364,1.31775,209.63400000000001,3.3288,543.34,5.18195,0.4033,4688.310304988885,3959.5666455668684,bcg,19.19634569717296
7394,20013,64.039456,-24.069339000000003,7.45175,0.304396,44.6339,0.756826,113.184,1.48444,296.83,1.20775,0.4078,4404.53567425394,5320.484473213564,bcg,19.865537404663357
7395,20014,64.042507,-24.069242000000003,8.090819999999999,0.211973,50.0416,0.450747,126.291,0.985016,333.519,3.68335,0.3992,4070.248419373969,5332.115197601501,bcg,19.74656899474403
7396,20015,64.034726,-24.069801000000002,8.55965,1.57612,59.0289,1.50529,137.529,2.3605,346.528,2.28829,0.4022,4922.783378483004,5265.044501030676,bcg,19.654014287093197
7397,20016,64.032675,-24.070151,6.690519999999999,0.993398,43.0573,0.8204889999999999,93.9743,1.1955,237.271,1.46537,0.3922,5147.50174801192,5223.039089404672,bcg,20.067477251486014
7398,20017,64.031862,-24.072072,2.66105,0.200488,17.6903,0.193656,43.8911,0.314431,112.70200000000001,1.05568,0.4004,5236.570023096601,4992.5160348536265,bcg,20.894058836794855
7399,20018,64.030429,-24.07841,5.3135900000000005,0.190478,28.1066,0.277538,68.3465,0.36049899999999996,178.533,0.461689,0.4044,5393.53916428401,4231.949393790442,bcg,20.41320930148239
7400,20019,64.028309,-24.072275,3.92018,0.118309,23.6113,0.271694,59.1903,0.386085,152.16,1.49174,0.3924,5625.849300201084,4968.136641744017,bcg,20.569373647113178
7401,20020,64.045185,-24.06214,8.142669999999999,0.196322,47.1523,0.678517,118.743,1.3892799999999998,313.865,3.7117400000000003,0.4048,3776.7804647030243,6184.341100651718,bcg,19.813479957436236
7402,20021,64.042528,-24.063243,5.618130000000001,0.18734,35.721,0.39966,92.0314,0.804729,261.2,1.82064,0.4041,4067.9196196106577,6051.995126889004,bcg,20.090159928372426
7403,20022,64.038521,-24.062076,4.774719999999999,0.17343699999999998,24.3063,0.18908,58.063,0.28679299999999996,143.546,1.04863,0.4075,4506.971250831438,6192.0458850259565,bcg,20.590251321976226
7404,20023,64.035736,-24.069681,4.82514,0.362982,24.8376,0.439896,62.5535,0.667358,160.67700000000002,0.9939979999999999,0.3994,4812.121944612049,5279.445960263854,bcg,20.509370964000688
7405,20024,64.03519,-24.068757,6.839230000000001,1.0423200000000001,33.3468,0.738628,76.1345,0.9099889999999999,186.858,0.556231,0.4012,4871.9464836575335,5390.325271301124,bcg,20.29604625017811
7407,20026,64.044813,-24.067079,4.41886,0.136165,22.2526,0.474396,53.1118,0.744448,131.754,0.970208,0.3985,3817.5740363886184,5591.663374561844,bcg,20.68702244938849
7408,20027,64.044117,-24.066546,5.54795,0.166679,26.8554,0.220232,62.973,0.406026,152.55,1.01944,0.3911,3893.8303282882443,5655.627382708445,bcg,20.502114041621336
7409,20028,64.044035,-24.066054,3.0403,0.127113,14.1854,0.159665,33.4302,0.22875,79.4141,0.48213,0.3948,3902.8120391785933,5714.667831411906,bcg,21.189652562957964
7410,20029,64.042851,-24.062220999999997,2.45778,0.14921500000000001,12.3907,0.167233,28.8786,0.244004,69.548,0.32513200000000003,0.3943,4032.52298372761,6174.633720612408,bcg,21.348559661673264
7411,20030,64.041825,-24.062825,1.34414,0.0715701,6.24811,0.0870771,15.0494,0.149767,36.3809,0.180615,0.3946,4144.946702233259,6102.15792100404,bcg,22.056202036202503
7412,20031,64.03407800000001,-24.066737,3.3654599999999997,0.111929,21.8116,0.17565,55.7459,0.310237,153.748,0.8510110000000001,0.4034,4993.789957315694,5632.723150878839,bcg,20.634467671500143
7413,20032,64.034194,-24.067080999999998,0.921952,0.09371789999999999,5.36885,0.116406,12.6969,0.153446,32.6601,0.198081,0.3985,4981.079158574561,5591.443416714597,bcg,22.240755752183812
7414,20033,64.032264,-24.056858,8.44716,0.282881,48.4922,0.599604,118.609,1.0295100000000001,288.998,2.5260599999999998,0.3963,5192.5879486295225,6818.197681590722,bcg,19.814705889106456
7415,20034,64.03627,-24.057128,7.23998,0.245401,45.0944,0.730733,114.62899999999999,2.1665099999999997,305.57599999999996,4.21186,0.3996,4753.622415232328,6785.806474241184,bcg,19.85176374067956
7416,20035,64.037806,-24.055585999999998,6.0961,0.173754,34.7361,0.524979,85.2729,1.1108799999999999,211.33599999999998,2.15617,0.3932,4585.311590406111,6970.846547386838,bcg,20.17297241769769
7417,20036,64.042762,-24.073038,3.3949800000000003,0.12629400000000002,21.5264,0.22033000000000003,55.0811,0.30506700000000003,141.593,1.17524,0.4067,4042.3274063806593,4876.594090244673,bcg,20.64749348806938
7418,20037,64.01679,-24.072104,6.96869,0.21321500000000002,41.9088,0.314634,106.654,0.418475,287.783,1.9339400000000002,0.397,6887.917730961181,4988.526061307155,bcg,19.9300571298296
7420,20039,64.03823,-24.071766,5.026680000000001,0.179041,32.5507,0.37506300000000004,82.7147,0.832155,220.391,1.7256599999999997,0.3956,4538.8663449966,5029.246154196588,bcg,20.206043252673688
7421,20040,64.043317,-24.089272,6.1397699999999995,0.349964,43.2244,0.406955,108.62700000000001,0.61031,278.692,1.93068,0.4009,3981.606318038902,2928.511465887932,bcg,19.910155536002204
7422,20041,64.044952,-24.0442,9.04533,0.348543,55.6865,0.456333,140.112,0.617661,-99.0,-99.0,0.3964,3802.1902431488766,8337.142884782352,bcg,19.633811669090996
7423,20042,64.050943,-24.045638,6.48669,0.176058,36.4176,0.22500100000000003,87.812,0.246008,-99.0,-99.0,0.3865,3145.6668311915228,8164.532112512282,bcg,20.141115328182522
7424,20043,64.055651,-24.060282,5.817159999999999,0.179507,32.2954,0.23620700000000003,78.1595,0.316181,194.765,0.23412,0.4049,2629.9655956332062,6407.192300068037,bcg,20.267545568845506
7425,20044,64.054221,-24.084732000000002,14.5011,0.511162,93.2599,1.04112,235.78799999999998,2.32252,-99.0,-99.0,0.4059,2787.0144820915266,3473.2120689197527,bcg,19.0686957532592
7426,20045,64.022018,-24.089026999999998,11.9131,0.34037,73.5429,0.521096,184.196,0.7068979999999999,490.86699999999996,0.47947399999999996,0.3944,6314.899564859588,2957.838069687593,bcg,19.33679951293736
7427,20046,64.022672,-24.089825,5.36773,0.220573,30.0632,0.378162,73.0149,0.538729,183.59400000000002,1.7484400000000002,0.4063,6243.244371544229,2862.0855833970463,bcg,20.3414712631415
7428,20047,64.017061,-24.089572,6.43434,0.395931,42.9418,1.12301,112.251,2.92804,-99.0,-99.0,0.3956,6857.927086867077,2892.3701960070407,bcg,19.87452445337179
7430,20049,64.014776,-24.099339,6.09331,0.277419,36.5674,0.35188200000000003,89.3539,0.621458,-99.0,-99.0,0.3952,7108.060481963392,1720.2922519724762,bcg,20.12221621809406
4882,4883,64.0249467,-24.07207,6.11742,0.0285428,41.1098,0.0374453,107.363,0.034642599999999996,299.85,0.126665,0.398,5994.237796861639,4992.709222204577,f160w,19.92286340423515
6959,6960,64.0243223,-24.053027,6.73108,0.049973000000000004,44.1674,0.05593719999999999,114.632,0.358671,295.66900000000004,0.31962399999999996,0.3971,6062.85716120058,7277.863319995851,f814w,19.851735325828237
3593,3594,64.0437975,-24.0786201,5.57376,0.0320382,34.197,0.0375673,88.3299,0.0349912,240.299,0.11082,0.4,3928.9067870790896,4206.73708155283,f160w,20.13473065309014
4399,4400,64.05773789999999,-24.073880199999998,5.16247,0.0276911,28.6454,0.034743800000000005,68.5688,0.031407,165.94099999999997,0.153853,0.3899,2401.5354596006573,4775.376283235784,f160w,20.409683627282256
5081,5082,64.0441929,-24.0687147,3.23654,0.0302383,16.5272,0.032718000000000004,43.1752,0.0307467,164.84099999999998,0.110714,0.408,3885.5272372891495,5395.382958874539,f160w,20.911914104945833
7054,7055,64.0379188,-24.0496923,3.8360800000000004,0.0257048,24.031,0.029935200000000002,61.1674,0.152402,159.631,0.144188,0.3996,4572.9469786630025,7678.090583822176,f814w,20.533699948406095
6584,6585,64.0502182,-24.057204000000002,3.5029,0.025234700000000002,22.1764,0.0302341,57.3684,0.171453,158.334,0.126446,0.4053,3225.224963194025,6776.619479638341,f814w,20.60331815596589
3576,3577,64.0205535,-24.0770162,2.82616,0.022393400000000004,18.1281,0.0242827,48.1881,0.0235826,141.518,0.0806925,0.4022,6475.504419028808,4399.116090993303,f160w,20.792650492702204
3166,3167,64.0293763,-24.079010999999998,2.78192,0.0223353,16.4577,0.0249984,41.5095,0.0234919,105.11399999999999,0.080752,0.4022,5508.8675019150705,4159.823495871713,f160w,20.954631244640233
3164,3165,64.03181629999999,-24.077806600000002,1.89985,0.017831200000000002,9.20322,0.0191779,19.5187,0.0174717,38.829,0.044226999999999995,0.3824,5241.551291333383,4304.363845391905,f160w,21.77387277733257
2159,2160,64.0296609,-24.0858388,1.15693,0.0194217,7.68297,0.0206908,19.5139,0.0187665,49.2766,0.0603072,0.3906,5477.643984176858,3340.489154787773,f160w,21.774139812262817
3540,3541,64.03522339999999,-24.0772409,4.381869999999999,0.0256404,21.6051,0.028741000000000003,50.5114,0.026576599999999995,117.022,0.08306489999999998,0.4025,4868.27347103071,4372.257317131704,f160w,20.741526485477756
6171,6172,64.0408867,-24.060347600000004,3.24752,0.0255086,19.3309,0.029338999999999997,47.1632,0.027792700000000004,114.76299999999999,0.0840392,0.3993,4247.749940744133,6399.449062874133,f160w,20.815991839773883
3532,3533,64.0219787,-24.0778577,2.4326,0.0191868,15.8149,0.0210857,41.1113,0.020427400000000002,110.97399999999999,0.0724252,0.4073,6319.348997278568,4298.153673995788,f160w,20.965096974924588
4948,4949,64.0354147,-24.067877,2.1694299999999997,0.0236051,14.1064,0.024486,36.8306,0.023442400000000002,104.365,0.0551721,0.3994,4847.3280771531045,5495.925584724481,f160w,21.084478015205466
5404,5405,64.0387295,-24.066094399999997,2.46578,0.0198261,14.5532,0.022474,36.0593,0.0212725,93.7664,0.0769831,0.4067,4484.13103346641,5709.837617656278,f160w,21.10745677064858
1917,1918,64.0463576,-24.087453399999998,2.1436900000000003,0.0207538,14.0523,0.0229608,36.1241,0.0216014,97.0169,0.07552389999999999,0.4066,3648.4963702706327,3146.7250810853966,f160w,21.105507410408745
2429,2430,64.02547489999999,-24.085098000000002,2.36515,0.0206248,14.1908,0.022838999999999998,35.3347,0.021864599999999998,89.6694,0.0872805,0.3931,5936.236895098711,3429.3540779604496,f160w,21.129496478992408
4182,4183,64.0209131,-24.073338,3.4150400000000003,0.037790699999999997,16.3393,0.036714699999999996,34.5716,0.033650400000000004,73.09,0.126944,0.3945,6436.157546104964,4840.504689490198,f160w,21.15320130128202
5422,5423,64.0426894,-24.0651275,1.96888,0.026124900000000003,11.6073,0.027768900000000003,28.3986,0.0260748,69.7284,0.0870024,0.3941,4050.243802847401,5825.854423228035,f160w,21.366757673408934
5066,5067,64.03275649999999,-24.068255800000003,1.9021299999999999,0.0279755,11.7432,0.0276067,29.1367,0.025861099999999998,72.5216,0.07676849999999999,0.3975,5138.5791563790435,5450.463369526674,f160w,21.338899094090706
3637,3638,64.03378029999999,-24.0761675,0.752913,0.017321,4.25758,0.015865200000000003,10.3277,0.0144202,24.275,0.048172900000000005,0.399,5026.381896287675,4501.062411288423,f160w,22.464990964963324
5035,5036,64.0375811,-24.0664406,1.42267,0.0146333,8.79257,0.0163863,22.0736,0.015422499999999999,58.4862,0.040510500000000005,0.3986,4609.96031169234,5668.294576780784,f160w,21.640317079121804
4796,4797,64.0334417,-24.0690713,1.4357799999999998,0.0211925,8.973230000000001,0.0206572,22.8833,0.019428900000000002,59.645,0.0599928,0.4075,5063.501150858838,5352.605497417895,f160w,21.601203364421476
4770,4771,64.0387831,-24.070718300000003,2.21402,0.020034599999999996,11.5275,0.0211577,26.0485,0.019287099999999998,57.2469,0.0728484,0.3968,4478.26484567702,5154.96954069758,f160w,21.46054320111067
6679,6680,64.045819,-24.0589681,1.67055,0.034631,9.60374,0.0359272,23.6978,0.033435900000000005,57.7843,0.143104,0.3976,3707.2878520404524,6564.964964904345,f160w,21.563229925292106
4320,4321,64.0222924,-24.0726058,1.53446,0.0275476,9.32434,0.026380200000000003,23.2242,0.024905700000000003,57.743,0.0924612,0.3975,6285.04669501628,4928.385346595936,f160w,21.585148092858887
4416,4417,64.0367948,-24.0722529,1.49489,0.0278765,8.85343,0.0268069,21.9936,0.0243303,54.3697,0.103282,0.394,4696.112813580109,4970.818634376856,f160w,21.644259194427583
5606,5607,64.0461184,-24.063953899999998,1.41172,0.0157672,7.46747,0.017009,18.3496,0.0159461,47.0974,0.0535789,0.3981,3674.519532498326,5966.666853800993,f160w,21.840933496061904
3704,3705,64.0267165,-24.0763878,1.45395,0.0248438,7.9541,0.0233151,19.2815,0.0217505,43.0397,0.0865193,0.396,5800.293226875701,4474.588748260064,f160w,21.787147958191007
4784,4785,64.0331082,-24.0679635,1.08123,0.018211599999999998,6.593719999999999,0.0175505,16.464,0.0165506,42.3485,0.0475594,0.4012,5100.045353107023,5485.540508596993,f160w,21.958661606454108
3264,3265,64.038206,-24.0789749,1.42329,0.035185,7.7656,0.032646100000000004,17.9372,0.0291649,39.4636,0.106545,0.3838,4541.5028011034865,4164.1781740431,f160w,21.865613373610977
2121,2122,64.022215,-24.085265300000003,1.1552200000000001,0.0195004,6.53006,0.0197017,15.7341,0.018469,37.2099,0.0711304,0.3999,6293.366099318706,3409.244402463185,f160w,22.00789523486584
5665,5666,64.0381561,-24.063123100000002,1.19071,0.0245466,6.71369,0.025194499999999998,15.9102,0.0232401,37.518,0.07652410000000001,0.397,4546.955220431255,6066.394236600836,f160w,21.9958109024941
3944,3945,64.0342027,-24.0738387,0.9687709999999999,0.0225629,5.537719999999999,0.020547299999999998,13.5243,0.0187427,32.1589,0.0610071,0.3918,4980.109283571904,4780.519430350563,f160w,22.172213010378744
5996,5997,64.0277923,-24.061005899999998,2.4148099999999997,0.029094400000000003,9.56033,0.027277099999999995,18.0691,0.0244604,32.2014,0.0795851,0.3918,5682.5503689967845,6320.425043987401,f160w,21.85765869645708
2451,2452,64.0441103,-24.0828831,1.09711,0.030858299999999998,5.793880000000001,0.0291562,13.7759,0.0258089,30.1475,0.08929169999999999,0.4007,3894.662519177443,3695.1753963172787,f160w,22.152200046115027
5818,5819,64.0347995,-24.062817499999998,1.31681,0.0253642,6.5962,0.02541,14.4977,0.0234817,29.8727,0.12383599999999999,0.3892,4914.743910183345,6103.064653250616,f160w,22.096752228298435
6096,6097,64.0508755,-24.0602554,3.54964,0.0399834,10.3344,0.0396969,17.9212,0.035725900000000005,31.3203,0.100375,0.3952,3153.236167692973,6410.444544964318,f160w,21.86658228356954
3103,3104,64.0343105,-24.0784701,0.630067,0.0159484,4.04814,0.0154974,10.3937,0.0141936,27.7022,0.0438725,0.4062,4968.287478259234,4224.75166691567,f160w,22.458074556628013
4029,4030,64.0325245,-24.073565,0.6637810000000001,0.0203227,4.19268,0.0186293,10.6123,0.017174900000000003,26.9303,0.06164209999999999,0.4039,5163.9780758378665,4813.358561169908,f160w,22.435476203522473
2875,2876,64.0338382,-24.080565300000004,0.9063049999999999,0.026857699999999998,4.88068,0.025633600000000003,11.6648,0.022849900000000003,26.3691,0.0846033,0.402,5020.026151914604,3973.326556110288,f160w,22.332806757615135
2298,2299,64.047863,-24.083832,1.0880100000000001,0.0244703,5.37715,0.0236035,12.097,0.021093,25.1538,0.06772639999999999,0.3943,3483.545193003755,3581.281323246321,f160w,22.29330579837972
4368,4369,64.045151,-24.071461499999998,0.604928,0.015474200000000002,3.7413800000000004,0.015436700000000001,9.77502,0.014144,26.4035,0.0481578,0.3956,3780.5701784832145,5065.761284184588,f160w,22.52470586337736
6254,6255,64.02725,-24.059111399999995,1.07889,0.0232632,5.29974,0.020793799999999998,11.9669,0.0189168,24.8678,0.06427419999999999,0.3894,5741.987955749234,6547.761017723407,f160w,22.305045845215925
6510,6511,64.02515600000001,-24.0563699,0.823428,0.0205678,4.66426,0.0187755,11.1599,0.017174400000000003,25.3534,0.0912638,0.3991,5971.466043847681,6876.723287753803,f160w,22.380849242358728
4229,4230,64.0182071,-24.0727186,1.14491,0.0216728,4.11189,0.0197101,9.225439999999999,0.0181722,25.4645,0.0901975,0.4059,6732.644738898485,4914.79570579305,f160w,22.587532278365337
3727,3728,64.0344071,-24.0753668,0.644931,0.024759299999999998,2.85245,0.021659099999999997,5.87786,0.0194285,10.3538,0.0672311,0.3922,4957.711222121606,4597.14787319038,f160w,23.0769519056243
2287,2288,64.0303062,-24.0831997,0.320934,0.017630299999999998,2.08373,0.0165858,5.2114,0.0149666,12.9133,0.0433889,0.3841,5406.965222432719,3657.184740745378,f160w,23.207613978412134
4065,4066,64.03756539999999,-24.0727719,1.07142,0.041007800000000004,5.160480000000001,0.037612400000000004,11.452,0.0341158,22.86,0.0864048,0.4059,4611.683149194646,4908.538576127422,f160w,22.352796651626097
2371,2372,64.022104,-24.082618300000004,0.717093,0.0192035,3.72382,0.0185189,8.89557,0.0172494,20.2394,0.0551677,0.3965,6305.560325309414,3726.8831255270065,f160w,22.627065546177946
3223,3224,64.0476973,-24.0785255,0.6145579999999999,0.0232212,2.87709,0.0217402,6.62692,0.0191601,13.9179,0.07373989999999998,0.3918,3501.6501588240753,4218.062722280826,f160w,22.946720680421407
1638,1639,64.0311471,-24.089090600000002,0.697724,0.025290200000000002,3.5500599999999998,0.0244716,7.895,0.0219115,16.4688,0.0915102,0.3988,5314.8109948244355,2950.280879787423,f160w,22.75661966413922
3741,3742,64.0424479,-24.0746551,0.797108,0.017812900000000003,3.55376,0.0167437,6.96355,0.014725899999999998,12.0405,0.043487,0.3928,4076.7486027636673,4682.543442417991,f160w,22.89292325429435
5703,5704,64.0281859,-24.062549399999998,0.535387,0.021802000000000002,2.3195799999999998,0.0193185,5.30821,0.0175208,11.0939,0.0564274,0.402,5639.410534256721,6135.207824117572,f160w,23.18762976046986
2989,2990,64.043986,-24.078132699999998,0.482245,0.0282053,2.1711099999999997,0.0252109,4.61676,0.0219803,9.04899,0.042759899999999997,0.4005,3908.252158213236,4265.224080863085,f160w,23.339156753618248
4863,4864,64.0344495,-24.067963600000002,0.339321,0.0213139,2.00782,0.0189047,4.75252,0.0172424,10.8684,0.0391,0.408,4953.082488002041,5485.531965257446,f160w,23.307690117049848
5412,5413,64.0467453,-24.0642142,0.45653,0.0158336,2.15424,0.0156875,4.69149,0.014184299999999999,9.30649,0.049536300000000005,0.3896,3605.8316774274695,5935.426282467011,f160w,23.321723012610448
3308,3309,64.0167591,-24.077230399999998,0.680399,0.0187746,2.8658900000000003,0.0170544,5.38339,0.0155555,9.09286,0.059899400000000005,0.41,6891.214241389693,4373.3575456040835,f160w,23.172360391389347
5352,5353,64.05061450000001,-24.0646236,0.375817,0.0169174,1.82457,0.0164075,4.1682,0.0150088,8.4232,0.049657,0.3961,3181.885499167895,5886.263291332906,f160w,23.450128626855
1088,1089,64.0348353,-24.0908712,0.9065280000000001,0.0168075,2.45483,0.016083,4.12488,0.014313999999999999,7.8051,0.043227999999999996,0.4094,4910.767356195711,2736.620642531581,f160w,23.461471703297796
2352,2353,64.0199416,-24.0831681,0.41067700000000007,0.0256288,1.7577099999999999,0.0237468,3.7227099999999997,0.021921700000000002,7.16467,0.07180800000000001,0.4059,6542.453937655217,3660.880025103959,f160w,23.572851985270038
2778,2779,64.0491616,-24.0800962,0.33424899999999996,0.0225331,1.7164099999999998,0.020487599999999998,3.74035,0.018209299999999998,7.31007,0.06310489999999999,0.3912,3341.239911010489,4029.5657569292716,f160w,23.567719392923486
1165,1166,64.0344674,-24.0913484,0.556198,0.0281747,2.4346099999999997,0.026862,4.6212599999999995,0.0241976,8.045639999999999,0.0871336,0.4098,4951.068966290656,2679.3559394823446,f160w,23.33809899160694
4701,4702,64.0399036,-24.0682853,0.19401400000000002,0.023831799999999997,0.76149,0.0222767,1.5389899999999999,0.019700400000000003,2.79435,0.0629632,0.4091,4355.491256028771,5446.927568230294,f160w,24.53191050526037
2718,2719,64.0339807,-24.0799963,1.07334,0.0210117,2.3264099999999996,0.019240200000000002,3.12521,0.0167685,4.01159,0.0467421,0.3908,5004.415828102738,4041.606909702568,f160w,23.7628019867782
7027,7028,64.0310419,-24.0511107,5.65747,0.0306888,36.8965,0.0380059,96.3198,0.189722,267.473,0.208975,0.4012,5326.531630493174,7507.868600501557,f814w,20.040711069653607
2342,2343,64.0507299,-24.084905600000003,3.2557099999999997,0.023618599999999997,16.6287,0.0257043,40.6999,0.024136900000000003,106.72399999999999,0.0969712,0.3958,3169.4775510507297,3452.421997003482,f160w,20.97601664459675
1442,1443,64.02116339999999,-24.0895405,2.6068599999999997,0.0284529,13.0603,0.029786400000000005,27.4929,0.122262,55.6295,0.06468360000000001,0.385,6408.513577197722,2896.207731664271,f814w,21.401948618964404
1094,1095,64.0217244,-24.0941789,6.149380000000001,0.0297489,40.2525,0.039069099999999995,105.14399999999999,0.184758,-99.0,-99.0,0.3967,6346.99569244835,2339.6065148035573,f814w,19.94553876277555
7103,7104,64.0394233,-24.048383800000003,3.7666800000000005,0.0259238,23.352,0.030491000000000004,61.4486,0.116175,172.204,0.252842,0.4071,4408.0765994712065,7835.108753415832,f814w,20.52872001828234
6958,6959,64.0440416,-24.0512838,1.6221700000000001,0.034229199999999994,8.09331,0.034123,18.0996,0.166844,38.7819,0.227729,0.393,3902.001076272882,7487.091951852697,f814w,21.855827557262444
727,728,64.0198616,-24.0958547,2.37099,0.0309476,13.1576,0.031957099999999995,31.6791,0.13071,-99.0,-99.0,0.3911,6551.0316327897835,2138.4867979528553,f814w,21.248067912923048
678,679,64.01919529999999,-24.0961417,1.7532599999999998,0.0242209,9.43507,0.024389599999999997,22.4078,0.0818557,-99.0,-99.0,0.3938,6624.016188142554,2104.037661981181,f814w,21.624001951116792
148,149,64.0328443,-24.1065185,14.9818,0.0640974,34.2147,0.0664996,66.7667,0.133262,-99.0,-99.0,0.3911,5128.820578928051,858.9392564653399,f814w,20.43860022151033
45,46,64.026951,-24.110326399999998,2.26537,0.0243174,12.5833,0.0249811,27.9559,0.12546300000000002,-99.0,-99.0,0.389,5774.307544727349,401.9580269952612,f814w,21.38381630423479
129,130,64.01975420000001,-24.1069183,0.865087,0.020390799999999997,4.13926,0.019671900000000003,9.12621,0.0636891,-99.0,-99.0,0.3992,6562.632822012614,810.8530157622613,f814w,22.59927385512802
481,482,64.022125,-24.101889899999996,9.02105,0.0342322,40.3651,0.040857300000000006,81.6763,0.219516,-99.0,-99.0,0.3949,6303.013384013386,1414.2910778362502,f814w,20.2197598608845
7429,20048,64.014854,-24.098142000000003,15.6895,0.378159,95.7557,0.352167,235.27,0.512821,-99.0,-99.0,0.4,7099.539041437772,1863.9336405295062,bcg,19.071083618790663
194,195,64.0379441,-24.1046952,2.17424,0.0210623,11.3568,0.0224405,25.208,0.0686035,-99.0,-99.0,0.3987,4570.214975754708,1077.742046587647,f814w,21.49615402458514
258,259,64.0219277,-24.1038107,2.41784,0.028129400000000002,11.6414,0.0280693,24.085,0.10447100000000001,-99.0,-99.0,0.3936,6324.600459457729,1183.7926972763926,f814w,21.545633373373867
385,386,64.03741720000001,-24.1019611,4.948980000000001,0.0382145,28.9731,0.0428767,73.902,0.20608800000000002,-99.0,-99.0,0.3994,4627.928767291375,1405.8343746484952,f814w,20.32835952048078
341,342,64.0122475,-24.100518899999997,2.83344,0.20787600000000003,-99.0,-99.0,31.28,1.55623,-99.0,-99.0,0.393,7385.009082301716,1578.6576884998844,f814w,21.261833139030472
574,575,64.0158615,-24.0980289,2.32242,0.0223996,12.8213,0.023955,31.0776,0.0979048,-99.0,-99.0,0.393,6989.177818012569,1877.5227299467879,f814w,21.268881318548637
764,765,64.0157956,-24.0955417,1.43488,0.020637799999999998,8.482460000000001,0.0214622,20.7807,0.102296,-99.0,-99.0,0.4018,6996.441858743379,2175.9856949273058,f814w,21.705849568196257
530,531,64.055448,-24.0975517,2.06655,0.023079,4.48074,0.0221098,6.5761199999999995,0.0610841,-99.0,-99.0,0.4039,2652.7938909174927,1934.8308869527164,f814w,22.95507567614632
1840,1841,64.017651,-24.090609699999998,11.1771,0.107847,31.3043,0.10256199999999999,62.4402,0.27660500000000005,-99.0,-99.0,0.394,6793.275930483884,2767.8552654211076,f814w,20.51133928633518
765,766,64.0551529,-24.095256,1.21051,0.0240397,5.60363,0.0239937,11.8312,0.0776587,-99.0,-99.0,0.4008,2685.0843569028275,2210.319132291851,f814w,22.317428010165603
755,756,64.0484749,-24.0953766,2.24099,0.0226519,7.01117,0.022335400000000002,11.2003,0.020191099999999997,16.7884,0.0985292,0.404,3416.6215019301717,2195.9239130100223,f160w,22.376925861494264
718,719,64.0103664,-24.0947074,2.08176,0.131206,-99.0,-99.0,32.9156,0.9334600000000001,-99.0,-99.0,0.3992,7591.19683682006,2275.9999985217596,f814w,21.206495559973416
1167,1168,64.02497629999999,-24.0916651,9.42707,0.0360036,23.9402,0.0382072,47.2614,0.13605799999999998,-99.0,-99.0,0.3938,5990.792016237912,2641.297406698164,f814w,20.8137335440809
989,990,64.0378357,-24.0937918,2.50128,0.0236058,14.6153,0.025611000000000002,35.948,0.0242429,91.7795,0.0968658,0.393,4582.081680451846,2386.1503601622394,f160w,21.110813167453493
737,738,64.0231581,-24.094567899999998,0.491245,0.021153599999999998,3.0162400000000003,0.0203047,6.926480000000001,0.0739145,-99.0,-99.0,0.3947,6189.936267947871,2292.9428932766646,f814w,22.89871853863401
1131,1132,64.0148619,-24.0923655,3.44863,0.0213451,21.8604,0.0254988,55.4673,0.09722819999999999,-99.0,-99.0,0.3943,7098.783329262724,2557.1139026810347,f814w,20.63990743475487
1894,1895,64.01136609999999,-24.0858702,9.643189999999999,0.0386649,57.6866,0.051184,148.215,0.144236,-99.0,-99.0,0.3961,7481.879218013035,3336.4846081229657,f814w,19.57276960412429
2595,2596,64.0084205,-24.0827024,3.82646,0.029044099999999996,24.2095,0.031575099999999995,61.352,0.13669,-99.0,-99.0,0.4006,7804.653759755257,3716.5581544342194,f814w,20.53042818809606
2345,2346,64.0586284,-24.083115399999997,1.2547700000000002,0.021969299999999997,6.44916,0.0222544,14.4165,0.0751276,-99.0,-99.0,0.3986,2304.14010220169,3667.1375673655243,f814w,22.102850409233266
3306,3307,64.0058105,-24.078553399999997,4.34751,0.037534500000000005,22.2792,0.0362435,54.7972,0.21910300000000002,-99.0,-99.0,0.3935,8090.7029362715075,4214.377182341012,f814w,20.653104080778892
3396,3397,64.0637722,-24.0770718,1.28516,0.0209508,5.9816,0.0212012,12.9999,0.0871893,-99.0,-99.0,0.3945,1740.4755915387118,4392.272834956265,f814w,22.215149971081992
3737,3738,64.0688498,-24.0754825,1.83705,0.0253395,10.008,0.026713499999999998,23.8168,0.112158,-99.0,-99.0,0.4006,1184.1320117260834,4582.87308256705,f814w,21.55779147569944
5155,5156,64.0048398,-24.0685367,3.50865,0.027816300000000002,22.5821,0.0293077,58.2991,0.127737,-99.0,-99.0,0.4,8197.327269364912,5416.357262994917,f814w,20.585845374168105
5570,5571,64.0084125,-24.0642171,4.5210099999999995,0.0292629,22.2219,0.0303383,49.4924,0.126441,-99.0,-99.0,0.3998,7805.98299995074,5934.794180977769,f814w,20.76365371435652
6353,6354,64.0688982,-24.0567064,4.06931,0.167975,-99.0,-99.0,64.3496,0.974273,-99.0,-99.0,0.4031,1178.318896003139,6836.004184369428,f814w,20.47863537086296
6666,6667,64.06692220000001,-24.0560652,7.753830000000001,0.23843699999999998,-99.0,-99.0,109.47399999999999,5.54286,-99.0,-99.0,0.3994,1394.8269470289424,6912.995687924662,f814w,19.901722533048325
6696,6697,64.06850250000001,-24.053304,1.84513,0.156419,-99.0,-99.0,27.6967,0.922708,-99.0,-99.0,0.394,1221.5872329994982,7244.3020269307,f814w,21.393929932678816
6617,6618,64.05950870000001,-24.0541189,1.9862400000000002,0.0188843,3.7594,0.0183632,4.90396,0.045019800000000006,-99.0,-99.0,0.4075,2207.143679064622,7146.702757287778,f814w,23.273632702183587
6783,6784,64.0495713,-24.053137600000003,2.98873,0.0275425,11.3766,0.028885400000000006,20.8746,0.104289,-99.0,-99.0,0.4014,3296.066731741748,7264.594005151279,f814w,21.70095459433631
6920,6921,64.048976,-24.0522697,4.76001,0.027256,30.5026,0.0353386,78.4847,0.145565,-99.0,-99.0,0.4054,3361.290978452633,7368.747678797092,f814w,20.263037493589053
6991,6992,64.0571104,-24.0515,4.23532,0.0235887,25.0512,0.029484500000000004,62.3478,0.132682,-99.0,-99.0,0.3921,2469.902957388138,7461.010499787137,f814w,20.512947165997556
6730,6731,64.0154695,-24.052949899999998,0.8523149999999999,0.0253966,4.28289,0.021727700000000003,10.1849,0.06754450000000001,-99.0,-99.0,0.3962,7032.950634264501,7286.996713120923,f814w,22.48010807686116
7069,7070,64.0260215,-24.0485926,3.3412599999999997,0.0371704,21.9269,0.0358298,56.3297,0.130212,-99.0,-99.0,0.4029,5876.700313407113,7810.007196239106,f814w,20.6231564042963
7041,7042,64.025285,-24.0484081,1.9910299999999999,0.168782,10.216,0.113844,25.9674,0.912141,-99.0,-99.0,0.3982,5957.410815427213,7832.140639913405,f814w,21.463928830410786
7358,7359,64.0343478,-24.0415044,-99.0,-99.0,16.9813,0.147351,39.0324,1.41908,-99.0,-99.0,0.4013,4964.287339530991,8660.636194374956,f814w,21.021436860670082
7340,7341,64.0429675,-24.0417285,2.52457,0.022875,15.7947,0.0258486,41.2025,0.0725175,-99.0,-99.0,0.4,4019.6547806070334,8633.733611034175,f814w,20.962691079864673
7249,7250,64.0346838,-24.0425526,-99.0,-99.0,8.51586,0.0837988,20.7406,0.46963299999999997,-99.0,-99.0,0.3959,4927.462920949621,8534.852825789709,f814w,21.707946710402638
